"id","type"
LV3000650027,
LV3000650068,
LV3000649466,
LV3000649498,
LV3000649502,
LV3000649555,
LV3000649573,
LV2001237411,
LV2001237228,
LV2001237369,
LV2001237186,
LV2001209347,
LV2001236595,
LV2001236613,
LV2001236629,
LV3000651842,
LV3000651819,
LV3000651797,
LV2001236640,
LV3000651811,
LV3000651807,
LV3000651804,
LV3000651800,
LV3000651814,
LV3000651835,
LV3000651737,
LV3000651821,
LV3000651828,
LV3000651843,
LV3000651825,
LV3000651745,
LV2001237075,
LV2001237078,
LV2001237081,
LV2001237084,
LV2001237137,
LV2001237140,
LV2001237143,
LV2001237148,
LV2001237152,
LV2001237155,
LV2001237158,
LV2001237161,
LV2001237164,
LV2001237167,
LV2001237170,
LV2001237173,
LV3000651529,
LV3000651590,
LV3000651596,
LV3000651608,
LV3000651641,
LV3000651647,
LV3000651576,
LV3000651619,
LV3000651624,
LV3000651626,
LV3000651630,
LV3000651644,
LV3000651653,
LV3000651654,
LV3000651658,
LV3000651663,
LV3000650617,
LV3000650620,
LV3000650632,
LV3000650648,
LV3000649829,
LV3000649832,
LV3000651595,
LV3000652367,
LV3000652421,
LV3000652437,
LV3000652452,
LV3000652030,
LV3000652085,
LV3000652109,
LV3000652160,
LV3000651754,
LV3000651846,
LV3000651851,
LV3000651855,
LV3000651862,
LV3000651866,
LV3000651569,
LV3000651598,
LV3000651601,
LV3000651604,
LV3000651613,
LV3000651545,
LV3000651710,
LV3000651631,
LV3000651635,
LV3000651701,
LV3000651869,
LV2001237176,
LV2001237179,
LV2001237184,
LV2001237087,
LV2001237090,
LV2001237093,
LV2001237099,
LV2001237102,
LV3000652096,
LV3000650950,
LV3000649785,
LV3000649896,
LV3000649927,
LV3000649951,
LV3000649965,
LV3000649985,
LV2001237335,
LV3000651887,
LV3000651893,
LV3000651682,
LV2001238979,
LV3000651881,
LV3000651900,
LV3000651685,
LV3000649888,
LV3000651890,
LV3000651897,
LV3000651679,
LV3000651253,
LV2001237007,
LV3000651878,
LV3000651884,
LV3000651757,
LV3000651780,
LV3000651783,
LV3000651060,
LV3000651071,
LV3000651101,
LV3000651122,
LV3000651134,
LV3000651137,
LV3000651212,
LV3000651216,
LV3000651289,
LV3000651298,
LV3000651312,
LV3000651323,
LV3000651222,
LV3000651237,
LV3000651266,
LV3000650735,
LV3000650782,
LV3000650804,
LV3000650827,
LV3000650849,
LV3000650919,
LV3000651029,
LV3000650159,
LV3000650162,
LV3000650167,
LV3000650172,
LV3000650183,
LV3000650215,
LV3000650225,
LV3000651688,
LV3000651697,
LV3000651706,
LV3000651715,
LV3000651719,
LV3000651731,
LV3000651790,
LV3000651794,
LV3000650243,
LV3000650261,
LV3000650266,
LV3000650300,
LV3000650351,
LV3000650477,
LV3000649892,
LV3000649488,
LV3000649492,
LV3000649505,
LV3000649539,
LV3000649580,
LV2001236652,
LV2001236655,
LV2001236659,
LV2001236662,
LV2001236665,
LV2001236668,
LV2001236674,
LV2001236883,
LV2001236886,
LV2001236889,
LV2001236892,
LV2001236895,
LV3000651533,
LV3000651536,
LV3000651541,
LV3000651547,
LV3000651552,
LV3000651555,
LV3000651558,
LV3000651564,
LV3000651572,
LV3000651578,
LV3000651583,
LV2001236898,
LV2001236901,
LV2001236904,
LV2001236907,
LV3000651594,
LV3000652374,
LV3000651907,
LV3000651909,
LV3000651912,
LV3000651947,
LV3000652083,
LV3000652099,
LV3000652192,
LV3000651342,
LV3000651346,
LV3000651519,
LV3000649958,
LV2001237219,
LV2001237044,
LV2001237128,
LV2001236647,
"1",
"2",
"3",
"4",
"5",
"6",
"7",
"8",
"9",
"186",
"188",
"189",
"190",
"191",
"192",
"193",
"195",
"196",
"199",
"202",
"203",
"204",
"205",
"206",
"208",
"108",
"110",
"111",
"116",
"117",
"118",
"137",
"143",
"183",
"209",
"210",
"212",
"213",
"214",
"215",
"216",
"217",
"218",
"219",
"220",
"222",
"223",
"224",
"225",
"226",
"227",
"229",
"230",
"231",
"232",
"233",
"235",
"236",
"237",
"238",
"239",
"240",
"241",
"244",
"245",
"246",
"271",
"273",
"276",
"277",
"278",
"279",
"281",
"284",
"286",
"287",
"288",
"289",
"294",
"298",
"302",
"309",
"247",
"250",
"251",
"252",
"254",
"255",
"257",
"261",
"262",
"263",
"264",
"265",
"266",
"267",
"268",
"270",
"311",
"312",
"313",
"315",
"316",
"318",
"319",
"325",
"331",
"332",
"336",
"341",
"344",
"345",
"350",
"353",
"354",
"356",
"357",
"360",
"361",
"364",
"365",
"370",
"375",
"376",
"379",
"382",
"383",
"385",
"386",
"391",
"409",
"410",
"414",
"415",
"416",
"417",
"418",
"419",
"420",
"425",
"426",
"427",
"428",
"429",
"430",
"431",
"393",
"394",
"395",
"396",
"397",
"398",
"399",
"400",
"401",
"402",
"403",
"404",
"405",
"406",
"407",
"408",
"770500090122",
"770500380143",
"770500220144",
"770500050102",
"770500530146",
"770727670102",
"770727630102",
"770727840102",
"770727760102",
"770727740102",
"770727580102",
"770725780101",
"770722910101",
"770722900101",
"770722880101",
"770725440101",
"770130751401",
"770130750501",
"770130761401",
"770130761501",
"770130771401",
"770130771501",
"770130780401",
"770130780501",
"770130790401",
"770130790501",
"770130800401",
"770130800501",
"770130810401",
"770130810501",
"770130820401",
"770130820501",
"770130830401",
"770130830501",
"770130840401",
"770130840501",
"770130870401",
"770130870501",
"770130880401",
"770130880501",
"770130941401",
"770130941501",
"770130951401",
"770130951501",
"770130961401",
"770130961501",
"770130971401",
"770130971501",
"770130981401",
"770130981501",
"770131041401",
"770131041501",
"770131061401",
"770131061501",
"770131091401",
"770131091501",
"770131111401",
"770131111501",
"770131131401",
"770131131501",
"770131151401",
"770131151501",
"770131161401",
"770131161501",
"772005661401",
"772005731501",
"772005731401",
"772005751401",
"772005761501",
"772005761401",
"770130891501",
"770130891401",
"772005661501",
"770130901501",
"770130901401",
"770130931501",
"770130931401",
"772005751501",
"770131170401",
"770131170501",
"770131190401",
"770131190501",
"770131200401",
"770131200501",
"770131210401",
"770131210501",
"770131220401",
"770131220501",
"770131230401",
"770131230501",
"770131240401",
"770131240501",
"770131250401",
"770131250501",
"770131260401",
"770131260501",
"770131270401",
"770131270501",
"770131280401",
"770131280501",
"770131290401",
"770131290501",
"770131300401",
"770131300501",
"770131310401",
"770131310501",
"770131320401",
"770131320501",
"770131350401",
"770131350501",
"770131370401",
"770131370501",
"770131380401",
"770131380501",
"770131390401",
"770131390501",
"770131410401",
"770131410501",
"770131970401",
"770131970501",
"770131980401",
"770131980501",
"770131990401",
"770131990501",
"770132020401",
"770132020501",
"610010380502",
"770130920401",
"770130921501",
