"id","flowcell_id","biosample_id","replica","project_id"
1,"200629_A00919_0083_AH23J2DSXY",LV3000650027,,M
2,"200629_A00919_0083_AH23J2DSXY",LV3000650068,,M
3,"200629_A00919_0083_AH23J2DSXY",LV3000649466,,M
4,"200629_A00919_0083_AH23J2DSXY",LV3000649498,,M
5,"200629_A00919_0083_AH23J2DSXY",LV3000649502,,M
6,"200629_A00919_0083_AH23J2DSXY",LV3000649555,,M
7,"200629_A00919_0083_AH23J2DSXY",LV3000649573,,M
8,"200629_A00919_0083_AH23J2DSXY",LV2001237411,,M
9,"200629_A00919_0083_AH23J2DSXY",LV2001237228,,M
10,"200629_A00919_0083_AH23J2DSXY",LV2001237369,,M
11,"200629_A00919_0083_AH23J2DSXY",LV2001237186,,M
12,"200629_A00919_0083_AH23J2DSXY",LV2001209347,,M
13,"200629_A00919_0083_AH23J2DSXY",LV2001236595,,M
14,"200629_A00919_0083_AH23J2DSXY",LV2001236613,,M
15,"200629_A00919_0083_AH23J2DSXY",LV2001236629,,M
16,"200720_A01013_0095_AH7KFCDSXY",LV3000651842,,M
17,"200720_A01013_0095_AH7KFCDSXY",LV3000651819,,M
18,"200720_A01013_0095_AH7KFCDSXY",LV3000651797,,M
19,"200720_A01013_0095_AH7KFCDSXY",LV2001236640,,M
20,"200720_A01013_0095_AH7KFCDSXY",LV3000651811,,M
21,"200720_A01013_0095_AH7KFCDSXY",LV3000651807,,M
22,"200720_A01013_0095_AH7KFCDSXY",LV3000651804,,M
23,"200720_A01013_0095_AH7KFCDSXY",LV3000651800,,M
24,"200720_A01013_0095_AH7KFCDSXY",LV3000651814,,M
25,"200720_A01013_0095_AH7KFCDSXY",LV3000651835,,M
26,"200720_A01013_0095_AH7KFCDSXY",LV3000651737,,M
27,"200720_A01013_0095_AH7KFCDSXY",LV3000651821,,M
28,"200720_A01013_0095_AH7KFCDSXY",LV3000651828,,M
29,"200720_A01013_0095_AH7KFCDSXY",LV3000651843,,M
30,"200720_A01013_0095_AH7KFCDSXY",LV3000651825,,M
31,"200720_A01013_0095_AH7KFCDSXY",LV3000651745,,M
32,"200723_A01013_0097_AH2522DSXY",LV2001237075,,M
33,"200723_A01013_0097_AH2522DSXY",LV2001237078,,M
34,"200723_A01013_0097_AH2522DSXY",LV2001237081,,M
35,"200723_A01013_0097_AH2522DSXY",LV2001237084,,M
36,"200723_A01013_0097_AH2522DSXY",LV2001237137,,M
37,"200723_A01013_0097_AH2522DSXY",LV2001237140,,M
38,"200723_A01013_0097_AH2522DSXY",LV2001237143,,M
39,"200723_A01013_0097_AH2522DSXY",LV2001237148,,M
40,"200723_A01013_0097_AH2522DSXY",LV2001237152,,M
41,"200723_A01013_0097_AH2522DSXY",LV2001237155,,M
42,"200723_A01013_0097_AH2522DSXY",LV2001237158,,M
43,"200723_A01013_0097_AH2522DSXY",LV2001237161,,M
44,"200723_A01013_0097_AH2522DSXY",LV2001237164,,M
45,"200723_A01013_0097_AH2522DSXY",LV2001237167,,M
46,"200723_A01013_0097_AH2522DSXY",LV2001237170,,M
47,"200723_A01013_0097_AH2522DSXY",LV2001237173,,M
48,"200918_A00964_0074_BH7K3HDSXY",LV3000651529,,M
49,"200918_A00964_0074_BH7K3HDSXY",LV3000651590,,M
50,"200918_A00964_0074_BH7K3HDSXY",LV3000651596,,M
51,"200918_A00964_0074_BH7K3HDSXY",LV3000651608,,M
52,"200918_A00964_0074_BH7K3HDSXY",LV3000651641,,M
53,"200918_A00964_0074_BH7K3HDSXY",LV3000651647,,M
54,"200918_A00964_0074_BH7K3HDSXY",LV3000651576,,M
55,"200918_A00964_0074_BH7K3HDSXY",LV3000651619,,M
56,"200918_A00964_0074_BH7K3HDSXY",LV3000651624,,M
57,"200918_A00964_0074_BH7K3HDSXY",LV3000651626,,M
58,"200918_A00964_0074_BH7K3HDSXY",LV3000651630,,M
59,"200918_A00964_0074_BH7K3HDSXY",LV3000651644,,M
60,"200918_A00964_0074_BH7K3HDSXY",LV3000651653,,M
61,"200918_A00964_0074_BH7K3HDSXY",LV3000651654,,M
62,"200918_A00964_0074_BH7K3HDSXY",LV3000651658,,M
63,"200918_A00964_0074_BH7K3HDSXY",LV3000651663,,M
64,"201001_A00923_0127_AH7KH2DSXY",LV3000650617,,M
65,"201001_A00923_0127_AH7KH2DSXY",LV3000650620,,M
66,"201001_A00923_0127_AH7KH2DSXY",LV3000650632,,M
67,"201001_A00923_0127_AH7KH2DSXY",LV3000650648,,M
68,"201001_A00923_0127_AH7KH2DSXY",LV3000649829,,M
69,"201001_A00923_0127_AH7KH2DSXY",LV3000649832,,M
70,"201001_A00923_0127_AH7KH2DSXY",LV3000651595,,M
71,"201001_A00923_0127_AH7KH2DSXY",LV3000652367,,M
72,"201001_A00923_0127_AH7KH2DSXY",LV3000652421,,M
73,"201001_A00923_0127_AH7KH2DSXY",LV3000652437,,M
74,"201001_A00923_0127_AH7KH2DSXY",LV3000652452,,M
75,"201001_A00923_0127_AH7KH2DSXY",LV3000652030,,M
76,"201001_A00923_0127_AH7KH2DSXY",LV3000652085,,M
77,"201001_A00923_0127_AH7KH2DSXY",LV3000652109,,M
78,"201001_A00923_0127_AH7KH2DSXY",LV3000652160,,M
79,"201001_A00923_0127_AH7KH2DSXY",LV3000651754,,M
80,"201020_A00919_0129_BH7K3CDSXY",LV3000651846,,M
81,"201020_A00919_0129_BH7K3CDSXY",LV3000651851,,M
82,"201020_A00919_0129_BH7K3CDSXY",LV3000651855,,M
83,"201020_A00919_0129_BH7K3CDSXY",LV3000651862,,M
84,"201020_A00919_0129_BH7K3CDSXY",LV3000651866,,M
85,"201020_A00919_0129_BH7K3CDSXY",LV3000651569,,M
86,"201020_A00919_0129_BH7K3CDSXY",LV3000651598,,M
87,"201020_A00919_0129_BH7K3CDSXY",LV3000651601,,M
88,"201020_A00919_0129_BH7K3CDSXY",LV3000651604,,M
89,"201020_A00919_0129_BH7K3CDSXY",LV3000651613,,M
90,"201020_A00919_0129_BH7K3CDSXY",LV3000651545,,M
91,"201020_A00919_0129_BH7K3CDSXY",LV3000651710,,M
92,"201020_A00919_0129_BH7K3CDSXY",LV3000651631,,M
93,"201020_A00919_0129_BH7K3CDSXY",LV3000651635,,M
94,"201020_A00919_0129_BH7K3CDSXY",LV3000651701,,M
95,"201020_A00919_0129_BH7K3CDSXY",LV3000651869,,M
96,"201020_A00919_0130_AH7HFJDSXY",LV2001237176,,M
97,"201020_A00919_0130_AH7HFJDSXY",LV2001237179,,M
98,"201020_A00919_0130_AH7HFJDSXY",LV2001237184,,M
99,"201020_A00919_0130_AH7HFJDSXY",LV2001237087,,M
100,"201020_A00919_0130_AH7HFJDSXY",LV2001237090,,M
101,"201020_A00919_0130_AH7HFJDSXY",LV2001237093,,M
102,"201020_A00919_0130_AH7HFJDSXY",LV2001237099,,M
103,"201020_A00919_0130_AH7HFJDSXY",LV2001237102,,M
104,"201020_A00919_0130_AH7HFJDSXY",LV3000652096,,M
105,"201020_A00919_0130_AH7HFJDSXY",LV3000650950,,M
106,"201020_A00919_0130_AH7HFJDSXY",LV3000649785,,M
107,"201020_A00919_0130_AH7HFJDSXY",LV3000649896,,M
108,"201020_A00919_0130_AH7HFJDSXY",LV3000649927,,M
109,"201020_A00919_0130_AH7HFJDSXY",LV3000649951,,M
110,"201020_A00919_0130_AH7HFJDSXY",LV3000649965,,M
111,"201020_A00919_0130_AH7HFJDSXY",LV3000649985,,M
112,"201028_A00964_0096_AHCKWHDSXY",LV2001237335,,M
113,"201028_A00964_0096_AHCKWHDSXY",LV3000651887,,M
114,"201028_A00964_0096_AHCKWHDSXY",LV3000651893,,M
115,"201028_A00964_0096_AHCKWHDSXY",LV3000651682,,M
116,"201028_A00964_0096_AHCKWHDSXY",LV2001238979,,M
117,"201028_A00964_0096_AHCKWHDSXY",LV3000651881,,M
118,"201028_A00964_0096_AHCKWHDSXY",LV3000651900,,M
119,"201028_A00964_0096_AHCKWHDSXY",LV3000651685,,M
120,"201028_A00964_0096_AHCKWHDSXY",LV3000649888,,M
121,"201028_A00964_0096_AHCKWHDSXY",LV3000651890,,M
122,"201028_A00964_0096_AHCKWHDSXY",LV3000651897,,M
123,"201028_A00964_0096_AHCKWHDSXY",LV3000651679,,M
124,"201028_A00964_0096_AHCKWHDSXY",LV3000651253,,M
125,"201028_A00964_0096_AHCKWHDSXY",LV2001237007,,M
126,"201028_A00964_0096_AHCKWHDSXY",LV3000651878,,M
127,"201028_A00964_0096_AHCKWHDSXY",LV3000651884,,M
128,"201109_A00923_0152_AH2FM7DSXY",LV3000651757,,M
129,"201109_A00923_0152_AH2FM7DSXY",LV3000651780,,M
130,"201109_A00923_0152_AH2FM7DSXY",LV3000651783,,M
131,"201109_A00923_0152_AH2FM7DSXY",LV3000651060,,M
132,"201109_A00923_0152_AH2FM7DSXY",LV3000651071,,M
133,"201109_A00923_0152_AH2FM7DSXY",LV3000651101,,M
134,"201109_A00923_0152_AH2FM7DSXY",LV3000651122,,M
135,"201109_A00923_0152_AH2FM7DSXY",LV3000651134,,M
136,"201109_A00923_0152_AH2FM7DSXY",LV3000651137,,M
137,"201109_A00923_0152_AH2FM7DSXY",LV3000651212,,M
138,"201109_A00923_0152_AH2FM7DSXY",LV3000651216,,M
139,"201109_A00923_0152_AH2FM7DSXY",LV3000651289,,M
140,"201109_A00923_0152_AH2FM7DSXY",LV3000651298,,M
141,"201109_A00923_0152_AH2FM7DSXY",LV3000651312,,M
142,"201109_A00923_0152_AH2FM7DSXY",LV3000651323,,M
143,"201109_A00923_0152_AH2FM7DSXY",LV3000651222,,M
144,"201109_A00923_0153_BH2CMVDSXY",LV3000651237,,M
145,"201109_A00923_0153_BH2CMVDSXY",LV3000651266,,M
146,"201109_A00923_0153_BH2CMVDSXY",LV3000650735,,M
147,"201109_A00923_0153_BH2CMVDSXY",LV3000650782,,M
148,"201109_A00923_0153_BH2CMVDSXY",LV3000650804,,M
149,"201109_A00923_0153_BH2CMVDSXY",LV3000650827,,M
150,"201109_A00923_0153_BH2CMVDSXY",LV3000650849,,M
151,"201109_A00923_0153_BH2CMVDSXY",LV3000650919,,M
152,"201109_A00923_0153_BH2CMVDSXY",LV3000651029,,M
153,"201109_A00923_0153_BH2CMVDSXY",LV3000650159,,M
154,"201109_A00923_0153_BH2CMVDSXY",LV3000650162,,M
155,"201109_A00923_0153_BH2CMVDSXY",LV3000650167,,M
156,"201109_A00923_0153_BH2CMVDSXY",LV3000650172,,M
157,"201109_A00923_0153_BH2CMVDSXY",LV3000650183,,M
158,"201109_A00923_0153_BH2CMVDSXY",LV3000650215,,M
159,"201109_A00923_0153_BH2CMVDSXY",LV3000650225,,M
160,"201127_A00923_0168_AHNGKMDSXY",LV3000651688,,M
161,"201127_A00923_0168_AHNGKMDSXY",LV3000651697,,M
162,"201127_A00923_0168_AHNGKMDSXY",LV3000651706,,M
163,"201127_A00923_0168_AHNGKMDSXY",LV3000651715,,M
164,"201127_A00923_0168_AHNGKMDSXY",LV3000651719,,M
165,"201127_A00923_0168_AHNGKMDSXY",LV3000651731,,M
166,"201127_A00923_0168_AHNGKMDSXY",LV3000651790,,M
167,"201127_A00923_0168_AHNGKMDSXY",LV3000651794,,M
168,"201127_A00923_0168_AHNGKMDSXY",LV3000650243,,M
169,"201127_A00923_0168_AHNGKMDSXY",LV3000650261,,M
170,"201127_A00923_0168_AHNGKMDSXY",LV3000650266,,M
171,"201127_A00923_0168_AHNGKMDSXY",LV3000650300,,M
172,"201127_A00923_0168_AHNGKMDSXY",LV3000650351,,M
173,"201127_A00923_0168_AHNGKMDSXY",LV3000650477,,M
174,"201127_A00923_0168_AHNGKMDSXY",LV3000649892,,M
175,"201127_A00923_0168_AHNGKMDSXY",LV3000649488,,M
176,"201127_A00923_0169_BHNGWWDSXY",LV3000649492,,M
177,"201127_A00923_0169_BHNGWWDSXY",LV3000649505,,M
178,"201127_A00923_0169_BHNGWWDSXY",LV3000649539,,M
179,"201127_A00923_0169_BHNGWWDSXY",LV3000649580,,M
180,"201127_A00923_0169_BHNGWWDSXY",LV2001236652,,M
181,"201127_A00923_0169_BHNGWWDSXY",LV2001236655,,M
182,"201127_A00923_0169_BHNGWWDSXY",LV2001236659,,M
183,"201127_A00923_0169_BHNGWWDSXY",LV2001236662,,M
184,"201127_A00923_0169_BHNGWWDSXY",LV2001236665,,M
185,"201127_A00923_0169_BHNGWWDSXY",LV2001236668,,M
186,"201127_A00923_0169_BHNGWWDSXY",LV2001236674,,M
187,"201127_A00923_0169_BHNGWWDSXY",LV2001236883,,M
188,"201127_A00923_0169_BHNGWWDSXY",LV2001236886,,M
189,"201127_A00923_0169_BHNGWWDSXY",LV2001236889,,M
190,"201127_A00923_0169_BHNGWWDSXY",LV2001236892,,M
191,"201127_A00923_0169_BHNGWWDSXY",LV2001236895,,M
192,"201208_A01030_0158_BHCK7WDSXY",LV3000651533,,M
193,"201208_A01030_0158_BHCK7WDSXY",LV3000651536,,M
194,"201208_A01030_0158_BHCK7WDSXY",LV3000651541,,M
195,"201208_A01030_0158_BHCK7WDSXY",LV3000651547,,M
196,"201208_A01030_0158_BHCK7WDSXY",LV3000651552,,M
197,"201208_A01030_0158_BHCK7WDSXY",LV3000651555,,M
198,"201208_A01030_0158_BHCK7WDSXY",LV3000651558,,M
199,"201208_A01030_0158_BHCK7WDSXY",LV3000651564,,M
200,"201208_A01030_0158_BHCK7WDSXY",LV3000651572,,M
201,"201208_A01030_0158_BHCK7WDSXY",LV3000651578,,M
202,"201208_A01030_0158_BHCK7WDSXY",LV3000651583,,M
203,"201208_A01030_0158_BHCK7WDSXY",LV2001236898,,M
204,"201208_A01030_0158_BHCK7WDSXY",LV2001236901,,M
205,"201208_A01030_0158_BHCK7WDSXY",LV2001236904,,M
206,"201208_A01030_0158_BHCK7WDSXY",LV2001236907,,M
207,"201208_A01030_0158_BHCK7WDSXY",LV3000651594,,M
208,"201228_A00923_0193_AHTF3GDSXY",LV3000652374,,M
209,"201228_A00923_0193_AHTF3GDSXY",LV3000651907,,M
210,"201228_A00923_0193_AHTF3GDSXY",LV3000651909,,M
211,"201228_A00923_0193_AHTF3GDSXY",LV3000651912,,M
212,"201228_A00923_0193_AHTF3GDSXY",LV3000651947,,M
213,"201228_A00923_0193_AHTF3GDSXY",LV3000652083,,M
214,"201228_A00923_0193_AHTF3GDSXY",LV3000652099,,M
215,"201228_A00923_0193_AHTF3GDSXY",LV3000652192,,M
216,"201228_A00923_0193_AHTF3GDSXY",LV3000651342,,M
217,"201228_A00923_0193_AHTF3GDSXY",LV3000651346,,M
218,"201228_A00923_0193_AHTF3GDSXY",LV3000651519,,M
219,"201228_A00923_0193_AHTF3GDSXY",LV3000649958,,M
220,"201228_A00923_0193_AHTF3GDSXY",LV2001237219,,M
221,"201228_A00923_0193_AHTF3GDSXY",LV2001237044,,M
222,"201228_A00923_0193_AHTF3GDSXY",LV2001237128,,M
223,"201228_A00923_0193_AHTF3GDSXY",LV2001236647,,M
224,"210218_A00923_0216_BHNHF7DSXY","1","9",ONC_INH
225,"210218_A00923_0216_BHNHF7DSXY","2","0",ONC_INH
226,"210218_A00923_0216_BHNHF7DSXY","2","1",ONC_INH
227,"210218_A00923_0216_BHNHF7DSXY","2","2",ONC_INH
228,"210218_A00923_0216_BHNHF7DSXY","2","3",ONC_INH
229,"210218_A00923_0216_BHNHF7DSXY","2","4",ONC_INH
230,"210218_A00923_0216_BHNHF7DSXY","2","6",ONC_INH
231,"210218_A00923_0216_BHNHF7DSXY","2","7",ONC_INH
232,"210218_A00923_0216_BHNHF7DSXY","2","9",ONC_INH
233,"210218_A00923_0216_BHNHF7DSXY","3","0",ONC_INH
234,"210218_A00923_0216_BHNHF7DSXY","3","1",ONC_INH
235,"210218_A00923_0216_BHNHF7DSXY","3","3",ONC_INH
236,"210218_A00923_0216_BHNHF7DSXY","3","4",ONC_INH
237,"210218_A00923_0216_BHNHF7DSXY","3","5",ONC_INH
238,"210218_A00923_0216_BHNHF7DSXY","4","8",ONC_INH
239,"210218_A00923_0216_BHNHF7DSXY","4","9",ONC_INH
240,"210218_A00923_0217_AHNHMCDSXY","1",,ONC_INH
241,"210218_A00923_0217_AHNHMCDSXY","2",,ONC_INH
242,"210218_A00923_0217_AHNHMCDSXY","3",,ONC_INH
243,"210218_A00923_0217_AHNHMCDSXY","4",,ONC_INH
244,"210218_A00923_0217_AHNHMCDSXY","5",,ONC_INH
245,"210218_A00923_0217_AHNHMCDSXY","6",,ONC_INH
246,"210218_A00923_0217_AHNHMCDSXY","7",,ONC_INH
247,"210218_A00923_0217_AHNHMCDSXY","8",,ONC_INH
248,"210218_A00923_0217_AHNHMCDSXY","9",,ONC_INH
249,"210218_A00923_0217_AHNHMCDSXY","1","0",ONC_INH
250,"210218_A00923_0217_AHNHMCDSXY","1","3",ONC_INH
251,"210218_A00923_0217_AHNHMCDSXY","1","4",ONC_INH
252,"210218_A00923_0217_AHNHMCDSXY","1","5",ONC_INH
253,"210218_A00923_0217_AHNHMCDSXY","1","6",ONC_INH
254,"210218_A00923_0217_AHNHMCDSXY","1","7",ONC_INH
255,"210218_A00923_0217_AHNHMCDSXY","1","8",ONC_INH
256,"210306_A00919_0203_AHNHFHDSXY","5","0",ONC_INH
257,"210306_A00919_0203_AHNHFHDSXY","5","1",ONC_INH
258,"210306_A00919_0203_AHNHFHDSXY","5","2",ONC_INH
259,"210306_A00919_0203_AHNHFHDSXY","5","3",ONC_INH
260,"210306_A00919_0203_AHNHFHDSXY","5","4",ONC_INH
261,"210306_A00919_0203_AHNHFHDSXY","5","5",ONC_INH
262,"210306_A00919_0203_AHNHFHDSXY","5","6",ONC_INH
263,"210306_A00919_0203_AHNHFHDSXY","5","7",ONC_INH
264,"210306_A00919_0203_AHNHFHDSXY","5","8",ONC_INH
265,"210306_A00919_0203_AHNHFHDSXY","5","9",ONC_INH
266,"210306_A00919_0203_AHNHFHDSXY","6","0",ONC_INH
267,"210306_A00919_0203_AHNHFHDSXY","6","1",ONC_INH
268,"210306_A00919_0203_AHNHFHDSXY","6","3",ONC_INH
269,"210306_A00919_0203_AHNHFHDSXY","6","4",ONC_INH
270,"210306_A00919_0203_AHNHFHDSXY","6","5",ONC_INH
271,"210306_A00919_0203_AHNHFHDSXY","6","6",ONC_INH
272,"210306_A00919_0204_BHNHWMDSXY","6","7",ONC_INH
273,"210306_A00919_0204_BHNHWMDSXY","6","8",ONC_INH
274,"210306_A00919_0204_BHNHWMDSXY","6","9",ONC_INH
275,"210306_A00919_0204_BHNHWMDSXY","7","0",ONC_INH
276,"210306_A00919_0204_BHNHWMDSXY","7","5",ONC_INH
277,"210306_A00919_0204_BHNHWMDSXY","7","8",ONC_INH
278,"210306_A00919_0204_BHNHWMDSXY","8","0",ONC_INH
279,"210306_A00919_0204_BHNHWMDSXY","8","1",ONC_INH
280,"210306_A00919_0204_BHNHWMDSXY","8","3",ONC_INH
281,"210306_A00919_0204_BHNHWMDSXY","8","4",ONC_INH
282,"210306_A00919_0204_BHNHWMDSXY","8","6",ONC_INH
283,"210306_A00919_0204_BHNHWMDSXY","8","7",ONC_INH
284,"210306_A00919_0204_BHNHWMDSXY","8","8",ONC_INH
285,"210306_A00919_0204_BHNHWMDSXY","8","9",ONC_INH
286,"210306_A00919_0204_BHNHWMDSXY","9","0",ONC_INH
287,"210306_A00919_0204_BHNHWMDSXY","9","1",ONC_INH
288,"210313_A00919_0209_BHNHVJDSXY","186",,ONC_INH
289,"210313_A00919_0209_BHNHVJDSXY","188",,ONC_INH
290,"210313_A00919_0209_BHNHVJDSXY","189",,ONC_INH
291,"210313_A00919_0209_BHNHVJDSXY","190",,ONC_INH
292,"210313_A00919_0209_BHNHVJDSXY","191",,ONC_INH
293,"210313_A00919_0209_BHNHVJDSXY","192",,ONC_INH
294,"210313_A00919_0209_BHNHVJDSXY","193",,ONC_INH
295,"210313_A00919_0209_BHNHVJDSXY","195",,ONC_INH
296,"210313_A00919_0209_BHNHVJDSXY","196",,ONC_INH
297,"210313_A00919_0209_BHNHVJDSXY","199",,ONC_INH
298,"210313_A00919_0209_BHNHVJDSXY","202",,ONC_INH
299,"210313_A00919_0209_BHNHVJDSXY","203",,ONC_INH
300,"210313_A00919_0209_BHNHVJDSXY","204",,ONC_INH
301,"210313_A00919_0209_BHNHVJDSXY","205",,ONC_INH
302,"210313_A00919_0209_BHNHVJDSXY","206",,ONC_INH
303,"210313_A00919_0209_BHNHVJDSXY","208",,ONC_INH
304,"210313_A00919_0210_AHNHCNDSXY","9","2",ONC_INH
305,"210313_A00919_0210_AHNHCNDSXY","9","3",ONC_INH
306,"210313_A00919_0210_AHNHCNDSXY","9","4",ONC_INH
307,"210313_A00919_0210_AHNHCNDSXY","9","5",ONC_INH
308,"210313_A00919_0210_AHNHCNDSXY","9","6",ONC_INH
309,"210313_A00919_0210_AHNHCNDSXY","9","7",ONC_INH
310,"210313_A00919_0210_AHNHCNDSXY","9","8",ONC_INH
311,"210313_A00919_0210_AHNHCNDSXY","108",,ONC_INH
312,"210313_A00919_0210_AHNHCNDSXY","110",,ONC_INH
313,"210313_A00919_0210_AHNHCNDSXY","111",,ONC_INH
314,"210313_A00919_0210_AHNHCNDSXY","116",,ONC_INH
315,"210313_A00919_0210_AHNHCNDSXY","117",,ONC_INH
316,"210313_A00919_0210_AHNHCNDSXY","118",,ONC_INH
317,"210313_A00919_0210_AHNHCNDSXY","137",,ONC_INH
318,"210313_A00919_0210_AHNHCNDSXY","143",,ONC_INH
319,"210313_A00919_0210_AHNHCNDSXY","183",,ONC_INH
320,"210323_A00923_0243_AHNFVHDSXY","209",,ONC_INH
321,"210323_A00923_0243_AHNFVHDSXY","210",,ONC_INH
322,"210323_A00923_0243_AHNFVHDSXY","212",,ONC_INH
323,"210323_A00923_0243_AHNFVHDSXY","213",,ONC_INH
324,"210323_A00923_0243_AHNFVHDSXY","214",,ONC_INH
325,"210323_A00923_0243_AHNFVHDSXY","215",,ONC_INH
326,"210323_A00923_0243_AHNFVHDSXY","216",,ONC_INH
327,"210323_A00923_0243_AHNFVHDSXY","217",,ONC_INH
328,"210323_A00923_0243_AHNFVHDSXY","218",,ONC_INH
329,"210323_A00923_0243_AHNFVHDSXY","219",,ONC_INH
330,"210323_A00923_0243_AHNFVHDSXY","220",,ONC_INH
331,"210323_A00923_0243_AHNFVHDSXY","222",,ONC_INH
332,"210323_A00923_0243_AHNFVHDSXY","223",,ONC_INH
333,"210323_A00923_0243_AHNFVHDSXY","224",,ONC_INH
334,"210323_A00923_0243_AHNFVHDSXY","225",,ONC_INH
335,"210323_A00923_0243_AHNFVHDSXY","226",,ONC_INH
336,"210323_A00923_0244_BHNH77DSXY","227",,ONC_INH
337,"210323_A00923_0244_BHNH77DSXY","229",,ONC_INH
338,"210323_A00923_0244_BHNH77DSXY","230",,ONC_INH
339,"210323_A00923_0244_BHNH77DSXY","231",,ONC_INH
340,"210323_A00923_0244_BHNH77DSXY","232",,ONC_INH
341,"210323_A00923_0244_BHNH77DSXY","233",,ONC_INH
342,"210323_A00923_0244_BHNH77DSXY","235",,ONC_INH
343,"210323_A00923_0244_BHNH77DSXY","236",,ONC_INH
344,"210323_A00923_0244_BHNH77DSXY","237",,ONC_INH
345,"210323_A00923_0244_BHNH77DSXY","238",,ONC_INH
346,"210323_A00923_0244_BHNH77DSXY","239",,ONC_INH
347,"210323_A00923_0244_BHNH77DSXY","240",,ONC_INH
348,"210323_A00923_0244_BHNH77DSXY","241",,ONC_INH
349,"210323_A00923_0244_BHNH77DSXY","244",,ONC_INH
350,"210323_A00923_0244_BHNH77DSXY","245",,ONC_INH
351,"210323_A00923_0244_BHNH77DSXY","246",,ONC_INH
352,"210422_A01022_0243_BHNFYTDSXY","271",,ONC_INH
353,"210422_A01022_0243_BHNFYTDSXY","273",,ONC_INH
354,"210422_A01022_0243_BHNFYTDSXY","276",,ONC_INH
355,"210422_A01022_0243_BHNFYTDSXY","277",,ONC_INH
356,"210422_A01022_0243_BHNFYTDSXY","278",,ONC_INH
357,"210422_A01022_0243_BHNFYTDSXY","279",,ONC_INH
358,"210422_A01022_0243_BHNFYTDSXY","281",,ONC_INH
359,"210422_A01022_0243_BHNFYTDSXY","284",,ONC_INH
360,"210422_A01022_0243_BHNFYTDSXY","286",,ONC_INH
361,"210422_A01022_0243_BHNFYTDSXY","287",,ONC_INH
362,"210422_A01022_0243_BHNFYTDSXY","288",,ONC_INH
363,"210422_A01022_0243_BHNFYTDSXY","289",,ONC_INH
364,"210422_A01022_0243_BHNFYTDSXY","294",,ONC_INH
365,"210422_A01022_0243_BHNFYTDSXY","298",,ONC_INH
366,"210422_A01022_0243_BHNFYTDSXY","302",,ONC_INH
367,"210422_A01022_0243_BHNFYTDSXY","309",,ONC_INH
368,"210422_A01022_0244_AHNG32DSXY","247",,ONC_INH
369,"210422_A01022_0244_AHNG32DSXY","250",,ONC_INH
370,"210422_A01022_0244_AHNG32DSXY","251",,ONC_INH
371,"210422_A01022_0244_AHNG32DSXY","252",,ONC_INH
372,"210422_A01022_0244_AHNG32DSXY","254",,ONC_INH
373,"210422_A01022_0244_AHNG32DSXY","255",,ONC_INH
374,"210422_A01022_0244_AHNG32DSXY","257",,ONC_INH
375,"210422_A01022_0244_AHNG32DSXY","261",,ONC_INH
376,"210422_A01022_0244_AHNG32DSXY","262",,ONC_INH
377,"210422_A01022_0244_AHNG32DSXY","263",,ONC_INH
378,"210422_A01022_0244_AHNG32DSXY","264",,ONC_INH
379,"210422_A01022_0244_AHNG32DSXY","265",,ONC_INH
380,"210422_A01022_0244_AHNG32DSXY","266",,ONC_INH
381,"210422_A01022_0244_AHNG32DSXY","267",,ONC_INH
382,"210422_A01022_0244_AHNG32DSXY","268",,ONC_INH
383,"210422_A01022_0244_AHNG32DSXY","270",,ONC_INH
384,"210426_A01022_0247_AHYYKHDSXY","311",,ONC_INH
385,"210426_A01022_0247_AHYYKHDSXY","312",,ONC_INH
386,"210426_A01022_0247_AHYYKHDSXY","313",,ONC_INH
387,"210426_A01022_0247_AHYYKHDSXY","315",,ONC_INH
388,"210426_A01022_0247_AHYYKHDSXY","316",,ONC_INH
389,"210426_A01022_0247_AHYYKHDSXY","318",,ONC_INH
390,"210426_A01022_0247_AHYYKHDSXY","319",,ONC_INH
391,"210426_A01022_0247_AHYYKHDSXY","325",,ONC_INH
392,"210426_A01022_0247_AHYYKHDSXY","331",,ONC_INH
393,"210426_A01022_0247_AHYYKHDSXY","332",,ONC_INH
394,"210426_A01022_0247_AHYYKHDSXY","336",,ONC_INH
395,"210426_A01022_0247_AHYYKHDSXY","341",,ONC_INH
396,"210426_A01022_0247_AHYYKHDSXY","344",,ONC_INH
397,"210426_A01022_0247_AHYYKHDSXY","345",,ONC_INH
398,"210426_A01022_0247_AHYYKHDSXY","350",,ONC_INH
399,"210426_A01022_0247_AHYYKHDSXY","353",,ONC_INH
400,"210426_A01022_0248_BHYV7KDSXY","354",,ONC_INH
401,"210426_A01022_0248_BHYV7KDSXY","356",,ONC_INH
402,"210426_A01022_0248_BHYV7KDSXY","357",,ONC_INH
403,"210426_A01022_0248_BHYV7KDSXY","360",,ONC_INH
404,"210426_A01022_0248_BHYV7KDSXY","361",,ONC_INH
405,"210426_A01022_0248_BHYV7KDSXY","364",,ONC_INH
406,"210426_A01022_0248_BHYV7KDSXY","365",,ONC_INH
407,"210426_A01022_0248_BHYV7KDSXY","370",,ONC_INH
408,"210426_A01022_0248_BHYV7KDSXY","375",,ONC_INH
409,"210426_A01022_0248_BHYV7KDSXY","376",,ONC_INH
410,"210426_A01022_0248_BHYV7KDSXY","379",,ONC_INH
411,"210426_A01022_0248_BHYV7KDSXY","382",,ONC_INH
412,"210426_A01022_0248_BHYV7KDSXY","383",,ONC_INH
413,"210426_A01022_0248_BHYV7KDSXY","385",,ONC_INH
414,"210426_A01022_0248_BHYV7KDSXY","386",,ONC_INH
415,"210426_A01022_0248_BHYV7KDSXY","391",,ONC_INH
416,"210513_A00923_0283_BHYVG3DSXY","409",,ONC_INH
417,"210513_A00923_0283_BHYVG3DSXY","410",,ONC_INH
418,"210513_A00923_0283_BHYVG3DSXY","414",,ONC_INH
419,"210513_A00923_0283_BHYVG3DSXY","415",,ONC_INH
420,"210513_A00923_0283_BHYVG3DSXY","416",,ONC_INH
421,"210513_A00923_0283_BHYVG3DSXY","417",,ONC_INH
422,"210513_A00923_0283_BHYVG3DSXY","418",,ONC_INH
423,"210513_A00923_0283_BHYVG3DSXY","419",,ONC_INH
424,"210513_A00923_0283_BHYVG3DSXY","420",,ONC_INH
425,"210513_A00923_0283_BHYVG3DSXY","425",,ONC_INH
426,"210513_A00923_0283_BHYVG3DSXY","426",,ONC_INH
427,"210513_A00923_0283_BHYVG3DSXY","427",,ONC_INH
428,"210513_A00923_0283_BHYVG3DSXY","428",,ONC_INH
429,"210513_A00923_0283_BHYVG3DSXY","429",,ONC_INH
430,"210513_A00923_0283_BHYVG3DSXY","430",,ONC_INH
431,"210513_A00923_0283_BHYVG3DSXY","431",,ONC_INH
432,"210513_A00923_0284_AH232LDSX2","393",,ONC_INH
433,"210513_A00923_0284_AH232LDSX2","394",,ONC_INH
434,"210513_A00923_0284_AH232LDSX2","395",,ONC_INH
435,"210513_A00923_0284_AH232LDSX2","396",,ONC_INH
436,"210513_A00923_0284_AH232LDSX2","397",,ONC_INH
437,"210513_A00923_0284_AH232LDSX2","398",,ONC_INH
438,"210513_A00923_0284_AH232LDSX2","399",,ONC_INH
439,"210513_A00923_0284_AH232LDSX2","400",,ONC_INH
440,"210513_A00923_0284_AH232LDSX2","401",,ONC_INH
441,"210513_A00923_0284_AH232LDSX2","402",,ONC_INH
442,"210513_A00923_0284_AH232LDSX2","403",,ONC_INH
443,"210513_A00923_0284_AH232LDSX2","404",,ONC_INH
444,"210513_A00923_0284_AH232LDSX2","405",,ONC_INH
445,"210513_A00923_0284_AH232LDSX2","406",,ONC_INH
446,"210513_A00923_0284_AH232LDSX2","407",,ONC_INH
447,"210513_A00923_0284_AH232LDSX2","408",,ONC_INH
448,"220329_A00926_0490_AHFG2GDSX3","770500090122",,CSP
449,"220329_A00926_0490_AHFG2GDSX3","770500380143",,CSP
450,"220329_A00926_0490_AHFG2GDSX3","770500220144",,CSP
451,"220329_A00926_0490_AHFG2GDSX3","770500050102",,CSP
452,"220329_A00926_0490_AHFG2GDSX3","770500530146",,CSP
453,"220329_A00926_0490_AHFG2GDSX3","770727670102",,G
454,"220329_A00926_0490_AHFG2GDSX3","770727630102",,G
455,"220329_A00926_0490_AHFG2GDSX3","770727840102",,G
456,"220329_A00926_0490_AHFG2GDSX3","770727760102",,G
457,"220329_A00926_0490_AHFG2GDSX3","770727740102",,G
458,"220329_A00926_0490_AHFG2GDSX3","770727580102",,G
459,"220329_A00926_0490_AHFG2GDSX3","770725780101",,G
460,"220329_A00926_0490_AHFG2GDSX3","770722910101",,G
461,"220329_A00926_0490_AHFG2GDSX3","770722900101",,G
462,"220329_A00926_0490_AHFG2GDSX3","770722880101",,G
463,"220329_A00926_0490_AHFG2GDSX3","770725440101",,G
464,"221222_A00926_0665_AHWC5FDSX3","770130751401",,RONC-3
465,"221222_A00926_0665_AHWC5FDSX3","770130750501",,RONC-3
466,"221222_A00926_0665_AHWC5FDSX3","770130761401",,RONC-3
467,"221222_A00926_0665_AHWC5FDSX3","770130761501",,RONC-3
468,"221222_A00926_0665_AHWC5FDSX3","770130771401",,RONC-3
469,"221222_A00926_0665_AHWC5FDSX3","770130771501",,RONC-3
470,"221222_A00926_0665_AHWC5FDSX3","770130780401",,RONC-3
471,"221222_A00926_0665_AHWC5FDSX3","770130780501",,RONC-3
472,"221222_A00926_0665_AHWC5FDSX3","770130790401",,RONC-3
473,"221222_A00926_0665_AHWC5FDSX3","770130790501",,RONC-3
474,"221222_A00926_0665_AHWC5FDSX3","770130800401",,RONC-3
475,"221222_A00926_0665_AHWC5FDSX3","770130800501",,RONC-3
476,"221222_A00926_0666_BHTGJJDSX3","770130810401",,RONC-3
477,"221222_A00926_0666_BHTGJJDSX3","770130810501",,RONC-3
478,"221222_A00926_0666_BHTGJJDSX3","770130820401",,RONC-3
479,"221222_A00926_0666_BHTGJJDSX3","770130820501",,RONC-3
480,"221222_A00926_0666_BHTGJJDSX3","770130830401",,RONC-3
481,"221222_A00926_0666_BHTGJJDSX3","770130830501",,RONC-3
482,"221222_A00926_0666_BHTGJJDSX3","770130840401",,RONC-3
483,"221222_A00926_0666_BHTGJJDSX3","770130840501",,RONC-3
484,"221222_A00926_0666_BHTGJJDSX3","770130870401",,RONC-3
485,"221222_A00926_0666_BHTGJJDSX3","770130870501",,RONC-3
486,"221222_A00926_0666_BHTGJJDSX3","770130880401",,RONC-3
487,"221222_A00926_0666_BHTGJJDSX3","770130880501",,RONC-3
488,"221228_A00926_0671_AHTLJFDSX3","770130941401",,RONC-3
489,"221228_A00926_0671_AHTLJFDSX3","770130941501",,RONC-3
490,"221228_A00926_0671_AHTLJFDSX3","770130951401",,RONC-3
491,"221228_A00926_0671_AHTLJFDSX3","770130951501",,RONC-3
492,"221228_A00926_0671_AHTLJFDSX3","770130961401",,RONC-3
493,"221228_A00926_0671_AHTLJFDSX3","770130961501",,RONC-3
494,"221228_A00926_0671_AHTLJFDSX3","770130971401",,RONC-3
495,"221228_A00926_0671_AHTLJFDSX3","770130971501",,RONC-3
496,"221228_A00926_0671_AHTLJFDSX3","770130981401",,RONC-3
497,"221228_A00926_0671_AHTLJFDSX3","770130981501",,RONC-3
498,"221228_A00926_0671_AHTLJFDSX3","770131041401",,RONC-3
499,"221228_A00926_0671_AHTLJFDSX3","770131041501",,RONC-3
500,"221228_A00926_0672_BHTLJGDSX3","770131061401",,RONC-3
501,"221228_A00926_0672_BHTLJGDSX3","770131061501",,RONC-3
502,"221228_A00926_0672_BHTLJGDSX3","770131091401",,RONC-3
503,"221228_A00926_0672_BHTLJGDSX3","770131091501",,RONC-3
504,"221228_A00926_0672_BHTLJGDSX3","770131111401",,RONC-3
505,"221228_A00926_0672_BHTLJGDSX3","770131111501",,RONC-3
506,"221228_A00926_0672_BHTLJGDSX3","770131131401",,RONC-3
507,"221228_A00926_0672_BHTLJGDSX3","770131131501",,RONC-3
508,"221228_A00926_0672_BHTLJGDSX3","770131151401",,RONC-3
509,"221228_A00926_0672_BHTLJGDSX3","770131151501",,RONC-3
510,"221228_A00926_0672_BHTLJGDSX3","770131161401",,RONC-3
511,"221228_A00926_0672_BHTLJGDSX3","770131161501",,RONC-3
512,"230306_A00964_0653_AH2F3JDSX5","772005661401",,RONC-1-GISO
513,"230306_A00964_0653_AH2F3JDSX5","772005731501",,RONC-1-GISO
514,"230306_A00964_0653_AH2F3JDSX5","772005731401",,RONC-1-GISO
515,"230306_A00964_0653_AH2F3JDSX5","772005751401",,RONC-1-GISO
516,"230306_A00964_0653_AH2F3JDSX5","772005761501",,RONC-1-GISO
517,"230306_A00964_0653_AH2F3JDSX5","772005761401",,RONC-1-GISO
518,"230306_A00964_0653_AH2F3JDSX5","770130891501",,RONC-3
519,"230306_A00964_0653_AH2F3JDSX5","770130891401",,RONC-3
520,"230306_A00964_0653_AH2F3JDSX5","772005661501",,RONC-1-GISO
521,"230306_A00964_0653_AH2F3JDSX5","770130901501",,RONC-3
522,"230306_A00964_0653_AH2F3JDSX5","770130901401",,RONC-3
523,"230306_A00964_0653_AH2F3JDSX5","770130931501",,RONC-3
524,"230306_A00964_0653_AH2F3JDSX5","770130931401",,RONC-3
525,"230306_A00964_0653_AH2F3JDSX5","772005751501",,RONC-1-GISO
526,"230421_A01007_0715_AHWL2TDSX3","770131170401",,RONC-3
527,"230421_A01007_0715_AHWL2TDSX3","770131170501",,RONC-3
528,"230421_A01007_0715_AHWL2TDSX3","770131190401",,RONC-3
529,"230421_A01007_0715_AHWL2TDSX3","770131190501",,RONC-3
530,"230421_A01007_0715_AHWL2TDSX3","770131200401",,RONC-3
531,"230421_A01007_0715_AHWL2TDSX3","770131200501",,RONC-3
532,"230421_A01007_0715_AHWL2TDSX3","770131210401",,RONC-3
533,"230421_A01007_0715_AHWL2TDSX3","770131210501",,RONC-3
534,"230421_A01007_0715_AHWL2TDSX3","770131220401",,RONC-3
535,"230421_A01007_0715_AHWL2TDSX3","770131220501",,RONC-3
536,"230421_A01007_0715_AHWL2TDSX3","770131230401",,RONC-3
537,"230421_A01007_0715_AHWL2TDSX3","770131230501",,RONC-3
538,"230421_A01007_0715_AHWL2TDSX3","770131240401",,RONC-3
539,"230421_A01007_0715_AHWL2TDSX3","770131240501",,RONC-3
540,"230421_A01007_0715_AHWL2TDSX3","770131250401",,RONC-3
541,"230421_A01007_0715_AHWL2TDSX3","770131250501",,RONC-3
542,"230421_A01007_0716_BHWL2WDSX3","770131260401",,RONC-3
543,"230421_A01007_0716_BHWL2WDSX3","770131260501",,RONC-3
544,"230421_A01007_0716_BHWL2WDSX3","770131270401",,RONC-3
545,"230421_A01007_0716_BHWL2WDSX3","770131270501",,RONC-3
546,"230421_A01007_0716_BHWL2WDSX3","770131280401",,RONC-3
547,"230421_A01007_0716_BHWL2WDSX3","770131280501",,RONC-3
548,"230421_A01007_0716_BHWL2WDSX3","770131290401",,RONC-3
549,"230421_A01007_0716_BHWL2WDSX3","770131290501",,RONC-3
550,"230421_A01007_0716_BHWL2WDSX3","770131300401",,RONC-3
551,"230421_A01007_0716_BHWL2WDSX3","770131300501",,RONC-3
552,"230421_A01007_0716_BHWL2WDSX3","770131310401",,RONC-3
553,"230421_A01007_0716_BHWL2WDSX3","770131310501",,RONC-3
554,"230421_A01007_0716_BHWL2WDSX3","770131320401",,RONC-3
555,"230421_A01007_0716_BHWL2WDSX3","770131320501",,RONC-3
556,"230421_A01007_0716_BHWL2WDSX3","770131350401",,RONC-3
557,"230421_A01007_0716_BHWL2WDSX3","770131350501",,RONC-3
558,"230425_A01007_0718_BHYG3YDSX3","770131370401",,RONC-3
559,"230425_A01007_0718_BHYG3YDSX3","770131370501",,RONC-3
560,"230425_A01007_0718_BHYG3YDSX3","770131380401",,RONC-3
561,"230425_A01007_0718_BHYG3YDSX3","770131380501",,RONC-3
562,"230425_A01007_0718_BHYG3YDSX3","770131390401",,RONC-3
563,"230425_A01007_0718_BHYG3YDSX3","770131390501",,RONC-3
564,"230425_A01007_0718_BHYG3YDSX3","770131410401",,RONC-3
565,"230425_A01007_0718_BHYG3YDSX3","770131410501",,RONC-3
566,"230425_A01007_0718_BHYG3YDSX3","770131970401",,RONC-3
567,"230425_A01007_0718_BHYG3YDSX3","770131970501",,RONC-3
568,"230425_A01007_0718_BHYG3YDSX3","770131980401",,RONC-3
569,"230425_A01007_0718_BHYG3YDSX3","770131980501",,RONC-3
570,"230425_A01007_0718_BHYG3YDSX3","770131990401",,RONC-3
571,"230425_A01007_0718_BHYG3YDSX3","770131990501",,RONC-3
572,"230425_A01007_0718_BHYG3YDSX3","770132020401",,RONC-3
573,"230425_A01007_0718_BHYG3YDSX3","770132020501",,RONC-3
574,"220112_VH00195_65_AAAHYF7M5","610010380502",,ONC_R
575,"230824_VH00195_109_AAAJYLLHV","770130920401",,RONC-3
576,"230824_VH00195_109_AAAJYLLHV","770130921501",,RONC-3
